Model,Val_RMSE,Val_MAE,Val_R2,Test_RMSE,Test_MAE,Test_R2
TabNet,3.0059624,2.1513731,0.7008652687072754,2.8456419,2.0587075,0.7258576154708862
